CountryName;CapitalName;CapitalLatitude;CapitalLongitude;CountryCode;ContinentName
Aruba;Oranjestad;12.516666666666667;-70.033333;AW;North America
Afghanistan;Kabul;34.516666666666666;69.183333;AF;Asia
Angola;Luanda;-8.833333333333334;13.216667;AO;Africa
Albania;Tirana;41.31666666666667;19.816667;AL;Europe
United Arab Emirates;Abu Dhabi;24.466666666666665;54.366667;AE;Asia
Argentina;Buenos Aires;-34.583333333333336;-58.666667;AR;South America
Armenia;Yerevan;40.166666666666664;44.500000;AM;Europe
Antigua and Barbuda;Saint John's;17.116666666666667;-61.850000;AG;North America
Australia;Canberra;-35.266666666666666;149.133333;AU;Australia
Austria;Vienna;48.2;16.366667;AT;Europe
Azerbaijan;Baku;40.38333333333333;49.866667;AZ;Europe
Burundi;Bujumbura;-3.3666666666666667;29.350000;BI;Africa
Belgium;Brussels;50.833333333333336;4.333333;BE;Europe
Benin;Porto-Novo;6.483333333333333;2.616667;BJ;Africa
Burkina Faso;Ouagadougou;12.366666666666667;-1.516667;BF;Africa
Bangladesh;Dhaka;23.716666666666665;90.400000;BD;Asia
Bulgaria;Sofia;42.68333333333333;23.316667;BG;Europe
Bahrain;Manama;26.233333333333334;50.566667;BH;Asia
Bahamas;Nassau;25.083333333333332;-77.350000;BS;North America
Bosnia and Herzegovina;Sarajevo;43.86666666666667;18.416667;BA;Europe
Belarus;Minsk;53.9;27.566667;BY;Europe
Belize;Belmopan;17.25;-88.766667;BZ;Central America
Bermuda;Hamilton;32.28333333333333;-64.783333;BM;North America
Bolivia;La Paz;-16.5;-68.150000;BO;South America
Brazil;Brasilia;-15.783333333333333;-47.916667;BR;South America
Barbados;Bridgetown;13,1;-59.616667;BB;North America
Brunei Darussalam;Bandar Seri Begawan;4.883333333333333;114.933333;BN;Asia
Bhutan;Thimphu;27.466666666666665;89.633333;BT;Asia
Botswana;Gaborone;-24.633333333333333;25.900000;BW;Africa
Central African Republic;Bangui;4.366666666666666;18.583333;CF;Africa
Canada;Ottawa;45.416666666666664;-75.700000;CA;Central America
Switzerland;Bern;46.916666666666664;7.466667;CH;Europe
Chile;Santiago;-33.45;-70.666667;CL;South America
China;Beijing;39.916666666666664;116.383333;CN;Asia
Cote d'Ivoire;Yamoussoukro;6.816666666666666;-5.266667;CI;Africa
Cameroon;Yaounde;3.8666666666666667;11.516667;CM;Africa
Democratic Republic of the Congo;Kinshasa;-4.316666666666666;15.300000;CD;Africa
Republic of Congo;Brazzaville;-4.25;15.283333;CG;Africa
Colombia;Bogota;15.283333;-74.083333;CO;South America
Comoros;Moroni;-11.7;43.233333;KM;Africa
Cape Verde;Praia;14.916666666666666;-23.516667;CV;Africa
Costa Rica;San Jose;9.933333333333334;-84.083333;CR;Central America
Curacao;Willemstad;12,1;-68.916667;CW;North America
Cayman Islands;George Town;19,3;-81.383333;KY;North America
Cyprus;Nicosia;35.166666666666664;33.366667;CY;Europe
Czech Republic;Prague;50.083333333333336;14.466667;CZ;Europe
Germany;Berlin;52.516666666666666;13.400000;DE;Europe
Dominica;Roseau;15,3;-61.400000;DM;North America
Denmark;Copenhagen;55.666666666666664;12.583333;DK;Europe
Dominican Republic;Santo Domingo;18.466666666666665;-69.900000;DO;North America
Algeria;Algiers;36.75;3.050000;DZ;Africa
Ecuador;Quito;-0.21666666666666667;-78.500000;EC;South America
Egypt;Cairo;30,05;31.250000;EG;Africa
Eritrea;Asmara;15.333333333333334;38.933333;ER;Africa
Spain;Madrid;40.4;-3.683333;ES;Europe
Estonia;Tallinn;59.43333333333333;24.716667;EE;Europe
Ethiopia;Addis Ababa;9.033333333333333;38.700000;ET;Africa
Finland;Helsinki;60.166666666666664;24.933333;FI;Europe
Fiji;Suva;-18.133333333333333;178.416667;FJ;Australia
France;Paris;48.86666666666667;2.333333;FR;Europe
Federated States of Micronesia;Palikir;6.916666666666667;158.150000;FM;Australia
Gabon;Libreville;0.38333333333333336;9.450000;GA;Africa
United Kingdom;London;51.5;-0.083333;GB;Europe
Georgia;Tbilisi;41.68333333333333;44.833333;GE;Europe
Ghana;Accra;5,55;-0.216667;GH;Africa
Guinea;Conakry;9,5;-13.700000;GN;Africa
The Gambia;Banjul;13.45;-16.566667;GM;Africa
Guinea-Bissau;Bissau;11,85;-15.583333;GW;Africa
Equatorial Guinea;Malabo;3,75;8.783333;GQ;Africa
Greece;Athens;37.983333333333334;23.733333;GR;Europe
Grenada;Saint George's;12,05;-61.750000;GD;North America
Guatemala;Guatemala City;14.616666666666667;-90.516667;GT;Central America
Guyane;Cayenne;49.333;�-52.325831;GF;Central America
Honduras;Tegucigalpa;14,1;-87.216667;HN;Central America
Croatia;Zagreb;45.8;16.000000;HR;Europe
Haiti;Port-au-Prince;18.533333333333335;-72.333333;HT;North America
Hungary;Budapest;47.5;19.083333;HU;Europe
Indonesia;Jakarta;-6.166666666666667;106.816667;ID;Asia
India;New Delhi;28,6;77.200000;IN;Asia
Ireland;Dublin;53.31666666666667;-6.233333;IE;Europe
Iran;Tehran;35.7;51.416667;IR;Asia
Iraq;Baghdad;33.333333333333336;44.400000;IQ;Asia
Iceland;Reykjavik;64.15;-21.950000;IS;Europe
Israel;Jerusalem;31.766666666666666;35.233333;IL;Asia
Italy;Rome;41.9;12.483333;IT;Europe
Jamaica;Kingston;18;-76.800000;JM;North America
Jordan;Amman;31.95;35.933333;JO;Asia
Japan;Tokyo;35.68333333333333;139.750000;JP;Asia
Kazakhstan;Astana;51.166666666666664;71.416667;KZ;Asia
Kenya;Nairobi;-1.2833333333333332;36.816667;KE;Africa
Kyrgyzstan;Bishkek;42.86666666666667;74.600000;KG;Asia
Cambodia;Phnom Penh;11,55;104.916667;KH;Asia
Kiribati;Tarawa;-0.8833333333333333;169.533333;KI;Australia
Saint Kitts and Nevis;Basseterre;17,3;-62.716667;KN;North America
South Korea;Seoul;37.55;126.983333;KR;Asia
Laos;Vientiane;17.966666666666665;102.600000;LA;Asia
Lebanon;Beirut;33.86666666666667;35.500000;LB;Asia
Liberia;Monrovia;6,3;-10.800000;LR;Africa
Libya;Tripoli;32.88333333333333;13.166667;LY;Africa
Saint Lucia;Castries;14;-61.000000;LC;North America
Sri Lanka;Colombo;6.916666666666667;79.833333;LK;Asia
Lesotho;Maseru;-29.316666666666666;27.483333;LS;Africa
Lithuania;Vilnius;54.68333333333333;25.316667;LT;Europe
Luxembourg;Luxembourg;49.6;6.116667;LU;Europe
Latvia;Riga;56.95;24.100000;LV;Europe
Morocco;Rabat;34.016666666666666;-6.816667;MA;Africa
Moldova;Chisinau;47;28.850000;MD;Europe
Madagascar;Antananarivo;-18.916666666666668;47.516667;MG;Africa
Maldives;Male;4.166666666666667;73.500000;MV;Asia
Mexico;Mexico City;19.433333333333334;-99.133333;MX;Central America
Marshall Islands;Majuro;7,1;171.383333;MH;Australia
Macedonia;Skopje;42;21.433333;MK;Europe
Mali;Bamako;12,65;-8.000000;ML;Africa
Malta;Valletta;35.88333333333333;14.500000;MT;Europe
Montenegro;Podgorica;42.43333333333333;19.266667;ME;Europe
Mongolia;Ulaanbaatar;47.916666666666664;106.916667;MN;Asia
Mozambique;Maputo;-25.95;32.583333;MZ;Africa
Mauritania;Nouakchott;18.066666666666666;-15.966667;MR;Africa
Mauritius;Port Louis;-20.15;57.483333;MU;Africa
Malawi;Lilongwe;-13.966666666666667;33.783333;MW;Africa
Malaysia;Kuala Lumpur;3.1666666666666665;101.700000;MY;Asia
Namibia;Windhoek;-22.566666666666666;17.083333;NA;Africa
Niger;Niamey;13.516666666666667;2.116667;NE;Africa
Nigeria;Abuja;9.083333333333334;7.533333;NG;Africa
Nicaragua;Managua;12.133333333333333;-86.250000;NI;Central America
Netherlands;Amsterdam;52.35;4.916667;NL;Europe
Norway;Oslo;59.916666666666664;10.750000;NO;Europe
Nepal;Kathmandu;27.716666666666665;85.316667;NP;Asia
Nauru;Yaren;-0.5477;166.920867;NR;Australia
New Zealand;Wellington;-41.3;174.783333;NZ;Australia
Oman;Muscat;23.616666666666667;58.583333;OM;Asia
Pakistan;Islamabad;33.68333333333333;73.050000;PK;Asia
Panama;Panama City;8.966666666666667;-79.533333;PA;Central America
Peru;Lima;-12.05;-77.050000;PE;South America
Philippines;Manila;14,6;120.966667;PH;Asia
Papua New Guinea;Port Moresby;-9.45;147.183333;PG;Australia
Poland;Warsaw;52.25;21.000000;PL;Europe
Puerto Rico;San Juan;18.466666666666665;-66.116667;PR;North America
Portugal;Lisbon;38.71666666666667;-9.133333;PT;Europe
Paraguay;Asuncion;-25.266666666666666;-57.666667;PY;South America
Qatar;Doha;25.283333333333335;51.533333;QA;Asia
Romania;Bucharest;44.43333333333333;26.100000;RO;Europe
Russia;Moscow;55.75;37.600000;RU;Europe
Rwanda;Kigali;-1.95;30.050000;RW;Africa
Saudi Arabia;Riyadh;24.65;46.700000;SA;Asia
Sudan;Khartoum;15,6;32.533333;SD;Africa
Senegal;Dakar;14.733333333333333;-17.633333;SN;Africa
Singapore;Singapore;1.2833333333333332;103.850000;SG;Asia
Solomon Islands;Honiara;-9.433333333333334;159.950000;SB;Australia
Sierra Leone;Freetown;8.483333333333333;-13.233333;SL;Africa
El Salvador;San Salvador;13,7;-89.200000;SV;Central America
Serbia;Belgrade;44.833333333333336;20.500000;RS;Europe
Sao Tome and Principe;Sao Tome;0.3333333333333333;6.733333;ST;Africa
Suriname;Paramaribo;5.833333333333333;-55.166667;SR;South America
Slovakia;Bratislava;48.15;17.116667;SK;Europe
Slovenia;Ljubljana;46.05;14.516667;SI;Europe
Sweden;Stockholm;59.333333333333336;18.050000;SE;Europe
Swaziland;Mbabane;-26.316666666666666;31.133333;SZ;Africa
Sint Maarten;Philipsburg;18.016666666666666;-63.033333;SX;North America
Seychelles;Victoria;-4.616666666666667;55.450000;SC;Africa
Turks and Caicos Islands;Grand Turk;21.466666666666665;-71.133333;TC;North America
Chad;N'Djamena;12,1;15.033333;TD;Africa
Togo;Lome;6.116666666666666;1.216667;TG;Africa
Thailand;Bangkok;13.75;100.516667;TH;Asia
Tajikistan;Dushanbe;38.55;68.766667;TJ;Asia
Turkmenistan;Ashgabat;37.95;58.383333;TM;Asia
Timor-Leste;Dili;-8.583333333333334;125.600000;TL;Asia
Tonga;Nuku'alofa;-21.133333333333333;-175.200000;TO;Australia
Trinidad and Tobago;Port of Spain;10,65;-61.516667;TT;North America
Tunisia;Tunis;36.8;10.183333;TN;Africa
Turkey;Ankara;39.93333333333333;32.866667;TR;Europe
Tuvalu;Funafuti;-8.516666666666667;179.216667;TV;Australia
Tanzania;Dar es Salaam;-6.8;39.283333;TZ;Africa
Uganda;Kampala;0.31666666666666665;32.550000;UG;Africa
Ukraine;Kyiv;50.43333333333333;30.516667;UA;Europe
Uruguay;Montevideo;-34.85;-56.166667;UY;South America
United States;Washington;38.883333;-77.000000;US;US
Uzbekistan;Tashkent;41.31666666666667;69.250000;UZ;Asia
Saint Vincent and the Grenadines;Kingstown;13.133333333333333;-61.216667;VC;Central America
Venezuela;Caracas;10.483333333333333;-66.866667;VE;South America
Vietnam;Hanoi;21.033333333333335;105.850000;VN;Asia
Vanuatu;Port-Vila;-17.733333333333334;168.316667;VU;Australia
Samoa;Apia;-13.816666666666666;-171.766667;WS;Australia
Kosovo;Pristina;42.666666666666664;21.166667;KO;Europe
Yemen;Sanaa;15.35;44.200000;YE;Asia
South Africa;Pretoria;-25.7;28.216667;ZA;Africa
Zambia;Lusaka;-15.416666666666666;28.283333;ZM;Africa
Zimbabwe;Harare;-17.816666666666666;31.033333;ZW;Africa
